source,target
spResource_ResourceImageUpdate,spResource_HistoryCreate
spGuide_usrTourGet,spInt_usrAssignments
spGuide_usrTourGet,spCol_GetContentAccessTillDate
spGuide_ExcursionMirror,spGuide_ExcursionDuplicateMirror
spGuide_ExcursionMirror,spGuide_PRecalculate
sp_usrForTokenAccessGet,sp_GOrgBaseUri
sp_usrForTokenAccessGet,sp_ApiRequestLogInsert
spSystem_RejectedResourcePurgeEmailReminder,sp_GOrgBaseUri
spResource_ResourceLnCreate,spResource_HistoryCreate
spGuide_usrInProgressTourGet,spCol_GetContentAccessTillDate
spInt_OrContentOnlyConfiguration,sp_OrSettingUpSert
spGuide_ExcursionUpdate,logErrb
spResource_ResourceLnDelete,spResource_HistoryCreate
spGuide_ExcursionStarted,spGuide_TestResultsStubInsert
spResource_ContentCreate,spMs_QInsert
spRepl_Run_TeamsCharts,sp_GDescendantTeamsForLeader
spRepl_Run_TeamsCharts,sp_GDescendantTeamsForTeamLeader
spGuide_usrSeeingPathResults_AccessTillDateUpdate,fn_CSVToTable_IDs
spGuide_PRecalculateStarted,spSystem_QInsert
spInt_PBulkImport,sp_GSlug
spGuide_ExcursionUnlock,spGuide_ExcursionStarted
spResource_ContentGet,spUsage_usrResourceCreate
spGuide_usrSeeingPathResults_UpdateSingleusrSinglePSeeingPaths,spGuide_AchSeeingPathCreate
spGuide_PRecalculate,spGuide_AchPCreate
spGuide_PRecalculate,spGuide_SeeingPathRecalculate
spResource_ContentUpdate,spResource_HistoryCreate
spResource_ContentUpdate,spMs_QInsert
spGuide_ExcursionUpdateSalesforce,logErrb
spResource_Create,spResource_HistoryCreate
spGuide_PBulkCreate,sp_GSlug
spGuide_PBulkCreate,spGuide_AssignPAdmin
spGuide_PBulkCreate,spGuide_PHistoryCreate
spResource_Delete,spResource_HistoryCreate
spResource_Delete,spSystem_QInsert
sp_MyTeamList,sp_GTeamAccessRole
spGuide_PBulkImportUpdate,spSystem_QInsert
spGuide_PBulkImportUpdate,spGuide_AssignPAdmin
spGuide_PBulkImportUpdate,spGuide_PHistoryCreate
spResource_Delete_OPP,spCol_DeleteContentAndReorderContent
spGuide_PCreate,sp_GSlug
spGuide_PCreate,spGuide_PHistoryCreate
spResource_RejectedResourcePurge,spSystem_QInsert
spGuide_PDelete,spIntegration_CommerceCloudSyncHistoryUpsert
spGuide_PDelete,spSystem_QInsert
spGuide_PDelete,spGuide_SeeingPathEquivalencyPDelete
spGuide_PDelete,spGuide_SeeingPathRecalculate
spResource_Update,spResource_HistoryCreate
spResource_Update,spGuide_ContentTagsUpsert
spGuide_PDocumentDelete,spGuide_PHistoryCreate
sp_usrGetByOAuthId,sp_usrGet
spEvent_SessionListAvailableForusrInsFilter,spCol_GetSessionAccessTillDate
spAssignment_CourseAddTeams,spAssignment_CourseAddTeams_V1
spAssignment_CourseAddTeams,spGuide_AchPCreate
spGuide_PGet,spUsage_usrPCreate
sp_usrGetBySalesforceId,sp_usrGet
spEvent_SessionListAvailableForusrLocationFilter,spCol_GetSessionAccessTillDate
spAssignment_CourseAddusrs,spAssignment_CourseAddusrs_V1
spAssignment_CourseAddusrs,spGuide_AchPCreate
spGuide_PExcursionDelete,spGuide_PRecalculate
sp_usrGet,sp_GOrgBaseUri
spEvent_SessionListAvailableForusrV3,spCol_GetSessionAccessTillDate
spAssignment_CourseAddusrsXML,spAssignment_CourseAddusrsXML_V1
spAssignment_CourseAddusrsXML,spGuide_AchPCreate
spGuide_usrNotStartedTourGet,spCol_GetContentAccessTillDate
spInt_TeamCreate,sp_GAncestorsTeamNameWithOrg
spInt_TeamCreate,sp_GSlug
spInt_TeamCreate,sp_DirectoryLevelTeamNameValidate
spGuide_SeeingPathDelete,spSystem_QInsert
spGuide_PRecalculate,spGuide_PRecalculate
spAssignment_SeeingPathAddTeams,spAssignment_SeeingPathAddTeams_V1
spAssignment_SeeingPathAddTeams,spGuide_AchSeeingPathCreate
spAssignment_SeeingPathAddTeams,spGuide_AchPCreate
spRepl_Run_usrs_ChecklistResponses,sp_GDescendantTeamusrsForLeader
spGuide_usrOverdueTourGet,spCol_GetContentAccessTillDate
spGuide_SeeingPathDelete_OPP,spCol_DeleteContentAndReorderContent
spGuide_PReset,spGuide_ExcursionStarted
spGuide_PReset,spGuide_usrSeeingPathResults_UpdateSingleusrSinglePSeeingPaths
spGuide_PReset,StringListToTable
spEvent_SessionListForusr,sp_GEventSessionLocation
spAssignment_SeeingPathAddusrs,spAssignment_SeeingPathAddusrs_V1
spAssignment_SeeingPathAddusrs,spGuide_AchSeeingPathCreate
spAssignment_SeeingPathAddusrs,spGuide_AchPCreate
spRepl_Run_usrs_Login,sp_GusrCompletedTourUpToDate
spGuide_PTeamDeleteArray,spAssignment_TeamRemoveCourse
spGuide_AccessTillDateSeeingPathRemindersGet,spSystem_QInsert
spAssignment_SeeingPathAddusrsXML,spAssignment_SeeingPathAddusrsXML_V1
spAssignment_SeeingPathAddusrsXML,spGuide_AchSeeingPathCreate
spAssignment_SeeingPathAddusrsXML,spGuide_AchPCreate
spRepl_Run_usrs_NotLoggedIn,sp_GDescendantTeamusrsForLeader
spRepl_Run_usrs_NotLoggedIn,sp_GDescendantTeamusrsForTeamLeader
spGuide_usrPResults_AccessTillDateUpdate,StringListToTable
spGuide_PusrDeleteArray,spAssignment_usrRemoveCourse
spGuide_AccessTillDRmsGet,spSystem_QInsert
spEvent_SessionListRegisteredForusr,sp_GEventSessionLocation
spEvent_SessionListRegisteredForusr,spCol_GetContentAccessTillDate
spAssignment_SelfCourse,spAssignment_SelfCourse_V1
spAssignment_SelfCourse,spGuide_AchPCreate
spGuide_usrPResults_DueDateUpdate,fn_CSVToTable_IDs
spMs_CustomExcursionTemplateGet,sp_GExcursionCompletedEmail
spGuide_RuleActionInsert,logErrb
spGuide_AchSeeingPathCreate,spCompetency_AchCreatedBulk
spEvent_SessionListRegisteredForusr_NOTINUSE,sp_GEventSessionLocation
spAssignment_SelfSeeingPath,spAssignment_SelfSeeingPath_V1
spAssignment_SelfSeeingPath,spGuide_AchSeeingPathCreate
spAssignment_SelfSeeingPath,spGuide_AchPCreate
spCol_Listing_ListAdmin,spCol_ContentList
spGuide_RuleConditionInsert,logErrb
spGuide_AchPCreate,spCompetency_AchCreatedBulk
spGuide_AchPCreate,spGamification_AchieveItemsByAchInsertType
spAssignment_TeamAddTour,spAssignment_TeamAddTour_V1
spAssignment_TeamAddTour,spGuide_AchPCreate
sp_OrGet,sp_GOrgBaseUri
spRepl_Run_usrs_SurveyResponses,sp_GDescendantTeamusrsForLeader
spGuide_usrPResults_UpdateBulkusrsForSingleP,spGuide_AchPCreate
spGuide_PUpdate,spIntegration_CommerceCloudSyncHistoryUpsert
spGuide_PUpdate,spMs_ReminderHistoryReset
spGuide_PUpdate,spSystem_QInsert
spGuide_PUpdate,spGuide_ContentTagsUpsert
spGuide_PUpdate,spGuide_PHistoryCreate
spGuide_RuleCreate,spGuide_RuleActionInsert
spGuide_RuleCreate,spGuide_RuleConditionInsert
spAssignment_TeamAddSeeingPaths,spAssignment_TeamAddSeeingPaths_V1
spAssignment_TeamAddSeeingPaths,spGuide_AchSeeingPathCreate
spAssignment_TeamAddSeeingPaths,spGuide_AchPCreate
spGuide_PUpdate_Activate_OPP,spGuide_SeeingPathRecalculate
spGuide_RuleProcessTour,spAssignment_CourseAddusrs
spGuide_RuleProcessTour,spGuide_RuleActivityDetailsInsert
spAssignment_TeamAddusrs,spSystem_QInsert
spGuide_PUpdate_Deactivate_OPP,spGuide_SeeingPathRecalculate
spGuide_RuleProcessFull,spGuide_RuleActivityInsert
spGuide_RuleProcessFull,spGuide_RuleProcess
spGuide_RuleProcessFull,spGuide_RuleProcessValidation
spAssignment_TeamAddusrs_OPP,spAssignment_TeamAddusrs_OPP_V1
spAssignment_TeamAddusrs_OPP,spGuide_AchSeeingPathCreate
spAssignment_TeamAddusrs_OPP,spGuide_AchPCreate
spIntegration_GetusrByExternalIds,sp_usrGet
spGuide_RuleProcessSeeingPaths,spAssignment_SeeingPathAddusrs
spGuide_RuleProcessSeeingPaths,spGuide_RuleActivityDetailsInsert
spGuide_AddSeeingPathTeamusrResultStubs,spGuide_AchSeeingPathCreate
spAssignment_TeamRemoveCourse,spEvent_AddusrToWaitList
spAssignment_TeamRemoveCourse,spEvent_usrInviteUpdate
spGuide_SeeingPathListForTeamTAView,spGuide_ColListTAView
spGuide_RuleProcessTeams,spAssignment_TeamAddusrs
spGuide_RuleProcessTeams,spGuide_RuleActivityDetailsInsert
spEvent_SessionUpdate,spEvent_SessionSummaryUpdate
spAssignment_TeamRemoveusrs,spEvent_AddusrToWaitList
spAssignment_TeamRemoveusrs,spEvent_usrInviteUpdate
spAssignment_usrAddTour,spAssignment_usrAddTour_V1
spAssignment_usrAddTour,spGuide_AchPCreate
spGuide_SeeingPathListForusrTAView,spGuide_ColListTAView
spGuide_RuleUpdate,spGuide_RuleActionInsert
spGuide_RuleUpdate,spGuide_RuleCheckAllowRunOnFirstLogin
spGuide_RuleUpdate,spGuide_RuleConditionInsert
sp_usrListColumns,sp_GOrgBaseUri
spAssignment_usrAddSeeingPaths,spAssignment_usrAddSeeingPaths_V1
spAssignment_usrAddSeeingPaths,spGuide_AchSeeingPathCreate
spAssignment_usrAddSeeingPaths,spGuide_AchPCreate
spGuide_SaveTestQuestion,spGuide_UpdateTestQuestionCorrectAnswer
spAssignment_usrAddTeams,spSystem_QInsert
spGuide_SaveTestQuestionImport,spGuide_UpdateTestQuestionCorrectAnswer
sp_usrListRole,sp_GDescendantTeamusrsForLeader
spAssignment_usrAddTeams_OPP,spAssignment_usrAddTeams_OPP_V1
spAssignment_usrAddTeams_OPP,spGuide_AchSeeingPathCreate
spAssignment_usrAddTeams_OPP,spGuide_AchPCreate
spGuide_SaveusrTestQuestionResult,spGuide_ExcursionTimerUpdate
spGuide_SaveusrTestQuestionResult,spGuide_TestResultsStubInsert
spAssignment_usrRemoveCourse,spEvent_usrInviteUpdate
spGuide_TeamLibraryPsDelete,spGuide_TeamLibraryPDelete
spGuide_TeamLibraryPsDelete,logErrb
sp_usrLoginKeyRenew,sp_usrCommunicationLogCreate
spAssignment_usrRemoveSeeingPath,spEvent_usrInviteUpdate
spGuide_SeeingPathPermissionCheck,spGuide_ColListTAView
spGuide_usrBoostExcursionQuestionUpdate,spGuide_usrBoostExcursionResultsUpdate
spAssignment_usrRemoveTeams,spEvent_usrInviteUpdate
spRepl_DashboardStatsGet,sp_GStartDateCurrentMonthForActivity
spRepl_DashboardStatsGet,sp_GTotalActiveusrsForOrg
spRepl_DashboardStatsGet,sp_GTotalActiveusrsNeverLoggedInForOrg
spRepl_DashboardStatsGet,sp_GTotalUniqueusrsForBillingPeriod_SP
spGuide_usrSeeingPathResultUpdateSalesforce,logErrb
spGuide_ResourceGet,spResource_ResourceUsageActivityCreate
spBlocked_usrBlock,spSystem_QInsert
sp_OrRelationshipsGet,sp_GStartDateCurrentMonthForActivity
spGuide_usrPResultUpdate,spGuide_PReset
sp_usrnameUpdate,sp_usrnameForOrgGet
spBlocked_usrDelete,sp_usrDelete
spRepl_EngineAssessmentResults,sp_GStringListAsTable
spUpload_Processed,logErrb
spCol_ResourceBulkInsert,spCol_SetContentDisplayOrder
spUpload_Update,logErrb
spCol_BulkImportUpsert,spCol_SetContentDisplayOrder
spEvent_usrSessionList,sp_GEventusrSessionDays
spEvent_usrSessionList,sp_GEventusrSessionDaysAsArray
spCol_ContentReorder,spCol_SetContentDisplayOrder
spInt_usr,sp_GOrgBaseUri
sp_ContentProvision,spGuide_DuplicateP
sp_ContentProvision,spGuide_DuplicateTopics
sp_ContentProvision,spGuide_ExcursionCreate
sp_ContentProvision,spGuide_PCreate
sp_ContentProvision,logErrb
spEvent_usrSessionList_Int,sp_GEventusrSessionDays
spEvent_usrSessionList_Int,sp_GEventusrSessionDaysAsArray
spCol_FileImportValidate,spCol_BulkImportUpsert
spCol_FileImportValidate,spCol_SetContentDisplayOrder
spGuide_VideoAssessmentEmailReviewers,sp_GOrgBaseUri
spGuide_VideoAssessmentEmailReviewers,spMs_OutboxInsert
spGuide_VideoAssessmentEmailReviewers,StringListToTable
sp_Or_ContractActivation,spKungFu_ContentGroupOrAssignDelete
spEvent_usrSessionRollCallListAdmin,sp_GEventusrSessionDays
spEvent_usrSessionRollCallListAdmin,sp_GEventusrSessionDaysAsArray
spCol_SeeingPathBulkDelete,spCol_ContentReorder
sp_OrUpdate_ppp,spKungFu_ContentGroupOrAssignDelete
spEvent_usrSessionRollCallListIns,sp_GEventusrSessionDays
spEvent_usrSessionRollCallListIns,sp_GEventusrSessionDaysAsArray
spCol_SeeingPathBulkInsert,spCol_SetContentDisplayOrder
spMs_MsSentList,MsusrsToSmallString
spGuide_SeeingPathRecalculate,spGuide_AchSeeingPathCreate
sp_OrUpdateAfterCreate,spAssignment_usrAddTour
spEvent_usrSessionRollCallListTeamLeader,sp_GEventusrSessionDays
spEvent_usrSessionRollCallListTeamLeader,sp_GEventusrSessionDaysAsArray
spCol_SeeingPathDelete,spCol_ContentReorder
spCol_SeeingPathUpSert,spCol_SetContentDisplayOrder
spRepl_EngineTour,sp_GStringListAsTable
sp_usrImportProcessFile,sp_usrActivateBulk
sp_usrImportProcessFile,sp_usrDeactivateBulk
sp_usrImportProcessFile,sp_usrUpdate_Additional
sp_usrImportProcessFile,sp_usrUpdate_Address
sp_usrImportProcessFile,sp_usrUpdate_Basic
sp_usrImportProcessFile,sp_usrUpdate_Contact
sp_usrImportProcessFile,spMs_SingleusrSendFromSystem
spCol_PBulkDelete,spCol_ContentReorder
spAicc_Initialize,spGuide_ExcursionContinued
spAicc_Initialize,spGuide_ExcursionStarted
spCol_PBulkInsert,spCol_SetContentDisplayOrder
spAlert_DailyCourseStatus,sp_GOrgBaseUri
spAlert_DailyCourseStatus,spMs_AddMs
spCol_PDelete,spCol_ContentReorder
spInt_ColSeeingPathDelete,spCol_ContentReorder
spGamification_CreateItem,StringListToTable
spCol_PUpSert,spCol_SetContentDisplayOrder
spInt_ColPDelete,spCol_ContentReorder
spCol_UpSert,spCol_SettingUpSert
spCol_UpSert,spGuide_ContentTagsUpsert
spUpload_GetProcessingQ,sp_GIdListAsTable
spGuide_RuleBuild_RunOnFirstLogin,spGuide_RuleActivityInsert
spMs_NotificationTemplatesGet,spMs_NotificationTemplatesExists
spInt_ComplianceSetAssignedDate,spGuide_PReset
spContent_GetExcursionsForDownloadAICC,spKungFu_GetExcursionsForDownloadAICC
spInt_ComplianceSetCompliantTillDate,spGuide_PReset
spEnrollment_ApprovalRequestAdd,spAssignment_SelfCourse
spEnrollment_ApprovalRequestAdd,spAssignment_SelfSeeingPath
spInt_ExcursionCreate,spGuide_ExcursionCreate
spEnrollment_ApprovalRequestUpdate,spEvent_AddusrToWaitList
spEnrollment_ApprovalRequestUpdate,spEvent_usrInviteUpdate
spUpload_ProcessQ,sp_GIdListAsTable
spGuide_SeeingPathUpdate,spGuide_ContentTagsUpsert
spInt_OrpppCreate,spInt_OrContentOnlyConfiguration
spInt_OrpppCreate,spKungFu_ContentGroupOrAssignDelete
spInt_OrpppCreate,spMs_NotificationTemplatesExists
spInt_OrpppCreate,spOr_CreateDefaultThemeSettings
spEnrollment_ManagerusrApprovalRequestUpdateInBulk,spEvent_AddusrToWaitList
spEnrollment_ManagerusrApprovalRequestUpdateInBulk,spEvent_usrInviteUpdate
spGuide_RuleDelete,spGuide_RuleActivityInsert
spInt_GuidePDelete,spSystem_QInsert
spInt_GuidePDelete,spGuide_SeeingPathEquivalencyPDelete
spInt_GuidePDelete,spGuide_SeeingPathRecalculate
sp_usrsInTeams,StringListToTable
spEvent_SessionCopy,spEvent_SessionSummaryUpdate
spInt_usrImportProcessFile,sp_usrActivateBulk
spInt_usrImportProcessFile,sp_usrDeactivateBulk
spInt_usrImportProcessFile,sp_usrUpdate_Additional
spInt_usrImportProcessFile,sp_usrUpdate_Address
spInt_usrImportProcessFile,spAssignment_CourseAddusrs
spInt_usrImportProcessFile,spAssignment_SeeingPathAddusrs
spInt_usrImportProcessFile,spAssignment_TeamAddusrs
spInt_usrImportProcessFile,spMs_SingleusrSendFromSystem
spEvent_SessionDayCreate,spEvent_SessionSummaryUpdate
spCol_ResourceDelete,spCol_ContentReorder
spEvent_SessionDayDelete,spEvent_SessionDelete
spEvent_SessionDayDelete,spEvent_SessionSummaryUpdate
sp_OrUpdate_Localization,sp_OrSettingUpSert
spContent_PProcessing,sp_GSlug
spContent_PProcessing,spKungFu_ContentCourseGroupAssignDelete
spContent_PProcessing,spGuide_UpdatePExcursionCheckSum
spEvent_SessionusrCreateBulk,spAssignment_CourseAddusrs
sp_OrUpdate_Login,sp_OrSettingUpSert
spEvent_EcommerceRegistration,StringListToTable
spRepl_EngineFilterusrs,sp_GIdListAsTable
spGuide_RuleProcess,spGuide_RuleActivityInsert
spIntegration_OrUpdate,spIntegration_OrusrDeactivate
spGS_FilterLns,spGuide_ColListTAView
spSecurity_CheckusrAccessForTeamLeader,sp_GDescendantTeamusrsForLeader
spMs_RecipientSearch,sp_GDescendantTeamsForLeader
spMs_RecipientSearch,sp_GDescendantTeamusrsForLeader
spMs_RecipientSearch,sp_GDescendantTeamusrsForTeamLeader
spKungFu_ContentTourProvision,spGuide_DuplicateLn
spKungFu_ContentTourProvision,spGuide_DuplicateTopics
spGS_FilterSkills,spGuide_ColListTAView
GetEventSessionLocation,sp_GEventSessionFullLocation
spKungFu_ContentTourReprovision,spGuide_DuplicateLn
spKungFu_ContentTourReprovision,spGuide_DuplicateTopics
spKungFu_ContentTourReprovision,spGuide_ExcursionDuplicate
spGS_FilterTags,spGuide_ColListTAView
spEvent_GetILTSessionsForSeeingPath,sp_GEventSessionLocation
spMs_ProcessQ_Thread1,spMs_SendAssessmentComplete
spGS_FilterTopics,spGuide_ColListTAView
spGuide_RuleProcessBrands,spGuide_RuleActivityDetailsInsert
spMs_ProcessQ_Thread2,spMs_SendCourseCompleted
spGS_SeeingPathSearchTAView,spGuide_ColListTAView
spMs_SendNewusrNewCourse,sp_GCtrEmails
spMs_SendNewusrNewCourse,sp_GOrgBaseUri
spMs_SendNewusrNewCourse,spMs_SingleusrSend
sp_usrTwoFactorValidate,sp_usrSessionInsert
spGS_ExcursionSH,spGS_AssessmentExcursionSH
spGS_ExcursionSH,spGS_AudioExcursionSH
spGS_ExcursionSH,spGS_ChecklistExcursionSH
spGS_ExcursionSH,spGS_EmbedContentExcursionSH
spGS_ExcursionSH,spGS_EsignatureExcursionSH
spGS_ExcursionSH,spGS_POIExcursionSH
spGS_ExcursionSH,spGS_PresentationExcursionSH
spGS_ExcursionSH,spGS_SCExcursionSH
spGS_ExcursionSH,spGS_SurveyExcursionSH
spGS_ExcursionSH,spGS_VideoAssessmentExcursionSH
spGS_ExcursionSH,spGS_VideoExcursionSH
spUsage_OrCycleDaily,spUsage_Or
spQuestionBank_DeleteTestQuestionAnswer,spQuestionBank_UpdateTestQuestionCorrectAnswer
spQuestionBank_DeleteTestQuestionAnswer,spGuide_DeleteTestQuestionAnswer
spGS_PSearchTAView,spGuide_ColListTAView
spRepl_EngineSeeingPaths,sp_GStringListAsTable
spMs_Reply,sp_usrCommunicationLogCreate
spMs_Reply,spMs_QDBMail
spSC_LatestVersionMediaURLUpdate,spGuide_ExcursionStarted
spImpersonation_ImpersonateusrDelete,spImpersonation_ImpersonatorActivityCreate
spMs_SaveTag,spMs_AddThreadTag
spSurvey_Started,spGuide_ExcursionStarted
spIntegration_OrCreate,logErrb
spRepl_EnginePeople,sp_GStringListAsTable
spIntegration_OrusrDeactivate,logErrb
spRepl_EngineusrResults,sp_GStringListAsTable
spGuide_ExcursionDelete,spSystem_QInsert
spIntegration_TokenUpdate,logErrb
spRepl_EngineSurveyusrResults,sp_GStringListAsTable
spGuide_ComplianceRemindersGet,spGuide_PReset
spIntegration_usrCreate,logErrb
spGuide_ComplianceReset,fn_CSVToTable_IDs
spGuide_ComplianceReset,spGuide_PReset
spKungFu_Int_SyncCourseGroupAssignDelete,spKungFu_ProvisionPrepareForQ
spStats_DailyOrgSummaryUpdate,sp_GTotalActiveusrsNeverLoggedInForOrg
GetSessionDayHtml,sp_GEventSessionLocation
spGuide_ComplianceRetakeCheck,spGuide_PReset
spGuide_ComplianceRetakeCheck,StringListToTable
spKungFu_ContentCourseGroupAssignDelete,spKungFu_ProvisionPrepareForQ
GetSessionHtml,sp_GSessionDayHtml
spRepl_EngineTeams,sp_GStringListAsTable
spGuide_SavePDocument,spGuide_PHistoryCreate
spGuide_DupicateContentToChildAccount,spGuide_DuplicateP
spGuide_DiscussionResponseCreate,spGamification_AchieveItemsByPostsInDiscussionGroup
spKungFu_ContentGroupOrAssignDelete,spKungFu_ProvisionPrepareForQ
spMs_SendDueDRm_OPP,sp_GOrgBaseUri
spMs_SendDueDRm_OPP,StringListToTable
spGuide_DuplicateSeeingPath,spGuide_DuplicateP
spGuide_DuplicateSeeingPath,spGuide_SeeingPathEquivalencyPCreateBulk
spGuide_DuplicateSeeingPath,logErrb
spKungFu_ContentLibraryProvision,spKungFu_ProvisionPrepareForQ
spStats_MonthlyOrgSummaryUpdate,sp_GTotalUniqueusrsForBillingPeriod_SP
spGuide_Event_CourseCompletion,spMs_SingleusrSendFromSystem
spGuide_Event_CourseCompletion,spGuide_AchPCreate
spGuide_Event_CourseCompletion,spGuide_ComplianceRetakeCheck
spMs_AddMs,sp_GusrIdsFromusrnameXMLList
spMs_AddMs,spMs_QDBMail
spGuide_RuleProcess_OPP,spGuide_RuleProcessBrands
spGuide_RuleProcess_OPP,spGuide_RuleProcessTour
spGuide_RuleProcess_OPP,spGuide_RuleProcessSeeingPaths
spMs_MsSend,sp_usrCommunicationLogCreate
spMs_MsSend,spMs_QDBMail
sp_TeamCreate,sp_GAncestorsTeamNameWithOrg
sp_TeamCreate,sp_GSlug
sp_TeamCreate,sp_DirectoryLevelTeamNameValidate
sp_TeamCreate,sp_MainDirectoryLevelTeamNameValidate
spGuide_SendNewCourseBulk,sp_GDescendantTeamusrsForLeader
spGuide_usrPResults_UpdateBulkPsForSingleusr,spGuide_AchSeeingPathCreate
spGuide_usrPResults_UpdateBulkPsForSingleusr,spGuide_Event_SeeingPathCompletion
spGuide_usrPResults_UpdateBulkPsForSingleusr,spGuide_usrPResults_UpdateBulkPsForSingleusr_V1
sp_ValidateApiKeyAccess,sp_GOrgBaseUri
sp_ValidateApiKeyAccess,sp_ApiRequestLogInsert
spMs_MsThreadGet,sp_GMsRecipientNames
spMs_MsThreadGet,sp_GThreadTags
spMs_MsThreadGet,spMs_SetMsRead
spGuide_VideoAssessmentExcursionMarkingUpdate,spGuide_ExcursionTimerUpdate
spGuide_VideoAssessmentExcursionMarkingUpdate,spGuide_usrPResults_UpdateBulkPsForSingleusr
spMs_ProcessQ_Thread4,spMs_SendNewSelfSignUpCodeCreateNotification
spEvent_ILTSessionsImportGetInsId,sp_GDescendantTeamusrsForLeader
sp_AchImportAchCreate,spGamification_ExcursionComplete
sp_AchImportAchCreate,spGuide_AchSeeingPathCreate
sp_AchImportAchCreate,spGuide_AchPCreate
sp_AchImportAchCreate,spGuide_ComplianceRetakeCheck
spMs_ProcessTextQ,spMs_SendAssessmentCompleteText
spMs_ProcessTextQ,spMs_SendCourseCompletedText
spMs_ProcessTextQ,spMs_SendNewDiscussionPostText
spRepl_KeyNameUtility,sp_GIdListAsTable
sp_OrCreateForRegion,spKungFu_ContentGroupOrAssignDelete
sp_OrCreateForRegion,spMs_NotificationTemplatesExists
sp_OrCreateForRegion,spOr_CreateDefaultThemeSettings
spMs_SendAccessTillDRm_OPP,sp_GCtrEmails
spMs_SendAccessTillDRm_OPP,sp_GOrgBaseUri
spMs_SendAccessTillDRm_OPP,spMs_SendMsTousr
spMs_SendAccessTillDRm_OPP,StringListToTable
spMs_SendMsTousr,spMs_QDBMail
sp_OrCreateTrialForRegion,spKungFu_ContentGroupOrAssignDelete
sp_OrCreateTrialForRegion,spMs_NotificationTemplatesExists
sp_OrCreateTrialForRegion,spOr_CreateDefaultThemeSettings
spGuide_DiscussionThreadCreate,spGamification_AchieveItemsByPostsInDiscussionGroup
spMs_SendAssessmentComplete,sp_GusrnameFromusrId
spMs_SendAssessmentComplete,spMs_AddMs
spMs_SendExcursionCompleted,sp_GExcursionCompletedEmail
spMs_SendExcursionCompleted,spMs_OutboxInsert
sp_OrpppCreate,spKungFu_ContentGroupOrAssignDelete
sp_OrpppCreate,spMs_NotificationTemplatesExists
sp_OrpppCreate,spOr_CreateDefaultThemeSettings
spMs_SendComplianceReminder_OPP,sp_GOrgBaseUri
spMs_SendComplianceReminder_OPP,spMs_SendMsTousr
spMs_SendNewCourse,spEvent_usrInvite
spMs_SendNewCourse,spMs_OutboxInsert
spInt_Or_ContractActivation,sp_OrSettingUpSert
spInt_Or_ContractActivation,spInt_OrContentOnlyConfiguration
spInt_Or_ContractActivation,spInt_OrpppCreate
spInt_Or_ContractActivation,spKungFu_ContentGroupOrAssignDelete
spMs_SendCourseCompleted,spMs_AddMs
spEvent_usrIncomplete,spGuide_usrPResults_UpdateBulkPsForSingleusr
spMs_SendSeeingPathAccessTillDRm_OPP,sp_GCtrEmails
spMs_SendSeeingPathAccessTillDRm_OPP,sp_GOrgBaseUri
spMs_SendSeeingPathAccessTillDRm_OPP,spMs_SendMsTousr
spMs_SendSeeingPathAccessTillDRm_OPP,StringListToTable
spRepl_QuickAchDetails,sp_GDescendantTeamusrsForTeamLeader
spEvent_usrIncompleteBulk,spGuide_usrPResults_UpdateBulkPsForSingleusr
spMs_SendMsToCourseAdmin,spMs_AddMs
spRepl_QuickAchs,sp_GDescendantTeamPsForTeamLeader
spRepl_QuickAchs,sp_GDescendantTeamusrsForLeader
spRepl_QuickAchs,sp_GDescendantTeamusrsForTeamLeader
spMs_ProcessQ_Thread3,spMs_SendResourceApprovalRequest
spMs_ProcessQ_Thread3,spMs_SendResourceApprovedNotification
spMs_ProcessQ_Thread3,spMs_SendEnrollmentApprovalRequest
spMs_ProcessQ_Thread3,spMs_SendEnrollmentApprovalRequestForIns
spMs_ProcessQ_Thread3,spMs_SendListingNotification
spMs_ProcessQ_Thread3,spMs_SingleusrSend
spMs_SendToCourseAdmin,sp_GIdListAsTable
spMs_SendToCourseAdmin,spMs_AddMs
spSC_ExcursionInit,spGuide_ExcursionContinued
spSC_ExcursionInit,spGuide_ExcursionStarted
spSC_ExcursionInit,spGuide_usrPResults_UpdateBulkPsForSingleusr
spGamification_UpdateItem,spGamification_CreateItem
spGamification_UpdateItem,StringListToTable
spMs_SingleusrSend,spMs_AddMs
spSystem_ProcessAchImportJobs,sp_AchImportAchCreate
spSystem_ProcessAchImportJobs,sp_AchImportAchCreate_V1
spSystem_ProcessAchImportJobs,spMs_SingleusrSendFromSystem
spMs_TrialistEmails,spMs_TrialistQEmail
spGuide_CourseClone,spGuide_DupicateContentToChildAccount
spExcursion_LearnerUploadMarkingUpdate,spGuide_ExcursionTimerUpdate
spRepl_QuickGamificationDetails,sp_GDescendantTeamusrsForTeamLeader
spGuide_EsignatureUploadMarkingUpdate,spGuide_ExcursionTimerUpdate
spGuide_EsignatureUploadMarkingUpdate,spGuide_usrPResults_UpdateBulkPsForSingleusr
spOAuth2_AuthCodeCreate,logErrb
spRepl_QuickGamificationLPReqFilter,sp_GDescendantTeamusrsForLeader
spRepl_QuickGamificationLPReqFilter,sp_GDescendantTeamusrsForTeamLeader
spMs_SendNewusr,sp_GCtrEmails
spMs_SendNewusr,sp_GOrgBaseUri
spMs_SendNewusr,spMs_OutboxInsert
spGuide_LearnerUploadExcursionMarkingUpdate,spGuide_ExcursionTimerUpdate
spGuide_LearnerUploadExcursionMarkingUpdate,spGuide_usrPResults_UpdateBulkPsForSingleusr
spOAuth2_ExpireToken,logErrb
spGuide_ExcursionCompleted,spGuide_usrPResults_UpdateBulkPsForSingleusr
spOAuth2_LoginUsingToken,sp_usrSessionInsert
spOAuth2_LoginUsingToken,spGuide_RuleProcessRunOnFirstLogin
spRepl_QuickGamificationPReqFilter,sp_GDescendantTeamusrsForLeader
spRepl_QuickGamificationPReqFilter,sp_GDescendantTeamusrsForTeamLeader
spGuide_ExcursionMarkingUpdate,spGuide_TestMarkAnswers
spGuide_ExcursionMarkingUpdate,spGuide_usrPResults_UpdateBulkPsForSingleusr
spOAuth2_TokenCreate,logErrb
spGuide_RuleProcess_All_OPP,spGuide_RuleProcess_OPP
spGuide_RuleProcess_All_OPP,StringListToTable
spOAuth2_TokenRefresh,logErrb
spGuide_TestCompleted,spGuide_TestMarkAnswers
spGuide_TestCompleted,spGuide_usrPResults_UpdateBulkPsForSingleusr
sp_LoginMultiOrGet,sp_usrFailedLoginCheck
sp_LoginMultiOrGet,sp_usrFailedLoginUpsert
spSystem_DataRetentionPurgeEmailReminder,sp_GOrgBaseUri
spMs_SendSystemMs,sp_GusrIdsFromusrnameXMLList
spMs_SendSystemMs,spMs_QDBMail
spAicc_usrSessionUpdate,spGuide_ExcursionCompleted
sp_usrUpdate,sp_GDescendantTeamsForLeader
sp_usrUpdate,sp_usrActivate
sp_usrUpdate,sp_usrUpdate_Localization
sp_usrUpdate,sp_usrUpdate_Personal
spQuestionBank_DeleteTestQuestion,spGuide_DeleteTestQuestion
spMs_SendusrsNeverLoggedIn,sp_usrActivate
spEvent_usrComplete,spGuide_ExcursionCompleted
spEvent_usrComplete,spGuide_ExcursionStarted
sp_usrUpdate_Salesforce,sp_usrActivate
sp_usrUpdate_Salesforce,sp_usrDeactivate
spQuestionBank_SaveTestQuestion,spQuestionBank_UpdateTestQuestionCorrectAnswer
sp_TeamsImportTeamNameValidate,sp_DirectoryLevelTeamNameValidate
sp_TeamsImportTeamNameValidate,sp_MainDirectoryLevelTeamNameValidate
spGuide_PBulkCompleted,spGuide_AchSeeingPathCreate
spGuide_PBulkCompleted,spGuide_AchPCreate
spEvent_usrCompleteBulk,spGuide_ExcursionCompleted
spEvent_usrCompleteBulk,spGuide_ExcursionStarted
spQuestionBank_SaveTestQuestionTest,spQuestionBank_UpdateTestQuestionCorrectAnswer
spQuestionBank_SaveTestQuestionTest,spGuide_UpdateTestQuestionCorrectAnswer
spRepl_Run_Boost_Questions,sp_GDescendantTeamusrsForLeader
spSC_ExcursionTerminate,spGuide_ExcursionCompleted
spSC_ExcursionTerminate,spGuide_ExcursionTimerUpdate
spGS_ElasticBulkInsert,spActivity_ElasticSearch_IndexRebuildInsertDB
spRepl_Run,spRepl_QuickAchDetails
spRepl_Run,spRepl_QuickAchs
spRepl_Run,spRepl_QuickCourseusrs
spRepl_Run,spRepl_Run_Boost_usrs
spRepl_Run,spRepl_Run_Boosts
spRepl_Run,spRepl_Run_Compliance_Detail
sp_TeamUpdate,sp_GAncestorsTeamName
sp_TeamUpdate,sp_GAncestorsTeamNameWithOrg
sp_TeamUpdate,sp_DirectoryLevelTeamNameValidate
sp_TeamUpdate,sp_MainDirectoryLevelTeamNameValidate
spRepl_Run_Boost_RawData,sp_GDescendantTeamusrsForLeader
spGuide_PBulkUpdate,StringListToTable
spSC_TinCanComplete,spSC_ExcursionTerminate
spSurvey_DeleteSurveyAnswer,logErrb
spRepl_Run_Boost_usrs,sp_GDescendantTeamusrsForLeader
spMs_SingleusrSendFromSystem,sp_GusrnameFromusrId
spMs_SingleusrSendFromSystem,spMs_SendSystemMs
spGuide_PCompleted,spSystem_QInsert
spSC_usrActivityCommit,spSC_ExcursionTerminate
spGuide_Event_SeeingPathCompletion,spGuide_AchSeeingPathCreate
spSystem_AutomationRuleProcessHistoryUpdate,spSystem_AutomationRuleQ2History
spEvent_InsSessionDetailsGet,sp_GEventSessionLocation
spSurvey_Completed,spGuide_ExcursionCompleted
spSystem_InactivateFailedExcursions,spGuide_PRecalculate
spGuide_usrExcursionResultUpdate,spEvent_usrComplete
spGuide_usrExcursionResultUpdate,spGuide_ExcursionStarted
spGuide_usrExcursionResultUpdate,spGuide_usrPResults_UpdateBulkPsForSingleusr
spSystem_ProcessQ,logErrb
spSystem_FileUploadProgressCheckTrackerTimestampUpdate,spSystem_FileUploadProcessor
spEvent_UploadSessionusrs,sp_GIdListAsTable
spEvent_UploadSessionusrs,spEvent_usrComplete
spEvent_UploadSessionusrs,spGuide_usrPResults_UpdateBulkPsForSingleusr
spSystem_ProcessQ2,logErrb
spGuide_PDelete_OPP,spCol_DeleteContentAndReorderContent
spSystem_ProcessQ3,logErrb
spSystem_ProcessQ4,logErrb
sp_AchImportAchCreate_V1,spGamification_ExcursionComplete
GetTotalUniqueusrsForBillingPeriod_SP,sp_GStartDateCurrentMonthForActivity
spSystem_ProcessQInt,logErrb
spSystem_FileUploadWorkflowExecutionStatusUpdate,spSystem_FileUploadProcessor
sp_Login,sp_usrFailedLoginCheck
sp_Login,sp_usrFailedLoginUpsert
sp_Login,sp_usrSessionInsert
sp_Login,spGuide_RuleProcessRunOnFirstLogin
spInternalUse_OrgDataCleanup,spCompetency_AchCreatedBulk
spInternalUse_OrgDataCleanup,spGamification_AchieveItemsByAchInsertType
spSystem_ProcessRunOnFirstLogin,logErrb
spSystem_FileUploadWorkflowInfoCreate,spSystem_FileUploadProcessor
sp_LoginUsingKey,sp_usrFailedLoginReset
sp_LoginUsingKey,sp_usrSessionInsert
sp_LoginUsingKey,spGuide_RuleProcessRunOnFirstLogin
spRepl_Run_Dashboard_Learner_TourCompleted_Count,spCol_GetContentAccessTillDate
spInternalUse_OrgDuplicateDataCleanup,spCompetency_AchCreatedBulk
spInternalUse_OrgDuplicateDataCleanup,spGamification_AchieveItemsByAchInsertType
spGuide_ExternalSeeing_Update,spGuide_ExternalSeeing_Delete
spGuide_ExternalSeeing_Update,spGuide_ExternalSeeing_Get
spGuide_BoostExcursionCreateFromAssessment,spGuide_UpdateBoostQuestionCorrectAnswer
sp_LoginUsingToken,sp_usrSessionInsert
sp_LoginUsingToken,spGuide_RuleProcessRunOnFirstLogin
spRepl_Run_Dashboard_Learner_TourToDo_Count,spCol_GetContentAccessTillDate
spGuide_PDueDate_Upsert,spMs_ReminderHistoryReset
spGuide_BoostExcursionQuestionAnswerDelete,spGuide_UpdateBoostQuestionCorrectAnswer
sp_Login,sp_usrFailedLoginCheck
sp_Login,sp_usrSessionInsert
sp_Login,spGuide_RuleProcessRunOnFirstLogin
spGuide_BoostExcursionQuestionCreate,spGuide_UpdateBoostQuestionCorrectAnswer
sp_OrSettingTemplateCreate,logErrb
spMs_ToggleThreadDeleted,sp_GIdListAsTable
spGuide_ComplianceRemindersProcessQ,logErrb
sp_PImportWidget,sp_PCompletionsImportsGet
sp_PImportWidget,sp_PsImportsGet
sp_PImportWidget,spCol_AllImportsGet
spRepl_Run_Dashboard_Learner_OverDueTour_Count,spCol_GetContentAccessTillDate
spMs_TrialistQEmail,sp_GLitmosAccountContactId
spMs_TrialistQEmail,sp_GOrgBaseUri
spGuide_GetActivityDetails,sp_GOrgBaseUri
spGuide_DeleteTestQuestionAnswer,spGuide_UpdateExcursionVersion
spGuide_DeleteTestQuestionAnswer,spGuide_UpdateTestQuestionCorrectAnswer
sp_TeamDelete,spSystem_QInsert
spRepl_Run_Dashboard_Learner_TotalTour_Count,spCol_GetContentAccessTillDate
spMs_TrialistWelcomeEmail,sp_GLitmosAccountContactId
spMs_TrialistWelcomeEmail,sp_GOrgBaseUri
spGuide_DuplicateP,sp_GSlug
spGuide_DuplicateP,spAssignment_SelfCourse
spGuide_DuplicateP,spGuide_ExcursionDuplicate
sp_TeamGet,sp_GTeamAccessRole
sp_TeamGet,spUsage_TeamAccessUpdate
sp_CallidususrGet,sp_GOrgBaseUri
spGuide_DuplicateTopics,logErrb
sp_TeamusrBulkDeactivate,spSystem_QInsert
spGuide_EsignatureMarkingUpdate,spGuide_ExcursionTimerUpdate
sp_usrAttemptsUpdate,logErrb
spGuide_TimedReleaseManualOverrideUpsert,StringListToTable
spGuide_ExternalSeeing_Create,spGuide_ExternalSeeing_Get
sp_usrDelete,spSystem_QInsert
spRepl_Run_Dashboard_TeamRole_TourCounts,spCol_GetContentAccessTillDate
spGuide_TimedReleaseRemindersDateSeeingPathsGet,spSystem_QInsert
spGuide_GetSeeingPath,spUsage_usrSeeingPathCreate
sp_usrExpiredDeactivate,spSystem_QInsert
spRepl_Run_Dashboard_TeamRole_Metrics,spCol_GetContentAccessTillDate
spGuide_TimedReleaseRemindersDateSeeingPathsGet_OPP,sp_GOrgBaseUri
spGuide_TimedReleaseRemindersDateSeeingPathsGet_OPP,spMs_SendMsTousr
spGuide_TimedReleaseRemindersDateSeeingPathsGet_OPP,StringListToTable
spBrand_TeamusrAssign,sp_GDescendantTeamusrs
spGuide_PLnCreate,spIntegration_CommerceCloudSyncHistoryUpsert
spGuide_GetP,spUsage_usrPCreate
spInt_Assignment_TeamAddusrs,spSystem_QInsert
spGuide_PLnDelete,spIntegration_CommerceCloudSyncHistoryUpsert
spGuide_SeeingPathAddPs,spGuide_AchPCreate
spGuide_SeeingPathAddPs,spGuide_SeeingPathAddPs_V1
spGuide_SeeingPathAddPs,spGuide_SeeingPathRecalculate
spInt_AssignmentusrAddTeams,spSystem_QInsert
spRepl_Run_ILT_Ins_Sessions,sp_GDescendantTeamPsForTeamLeader
spGuide_UpdateSeeingPathPCheckSum,sp_GSeeingPathPsCheckSum
spGuide_SeeingPathEquivalencyPCreateBulk,spGuide_SeeingPathAddPs
spInt_ColSeeingPathBulkInsert,spInt_ColSetContentDisplayOrder
spGuide_GetMyWalkingContent,spCol_GetContentAccessTillDate
spGS_RecentlyViewedContentList,spCol_GetContentAccessTillDate
spGuide_SeeingPathEquivalencyPDelete,spGuide_SeeingPathRecalculate
spInt_ColPBulkInsert,spInt_ColSetContentDisplayOrder
spGuide_UpdateExcursionVersion,sp_GPExcursionsCheckSum
spGuide_GetMyWalkingContent_UpComingCompliance,spCol_GetContentAccessTillDate
spGuide_SeeingPathGet,spUsage_usrSeeingPathCreate
spInt_GetP,spInt_UsageusrPCreate
spGuide_UpdatePExcursionCheckSum,sp_GPExcursionsCheckSum
spGuide_GetMyWalkingContent_UpcomingOverDue,spCol_GetContentAccessTillDate
spGuide_SeeingPathPCreateBulk,spGuide_SeeingPathAddPs
spInt_ExcursionLink,spInt_ExcursionDuplicate
spInt_ExcursionLink,spGuide_PRecalculate
spGuide_UpdatePExcursionCheckSumByExcursionId,sp_GPExcursionsCheckSum
spGuide_SeeingPathPDelete,spEvent_AddusrToWaitList
spGuide_SeeingPathPDelete,spEvent_usrInviteUpdate
spGuide_SeeingPathPDelete,spGuide_SeeingPathRecalculate
spInt_ExcursionMirror,spInt_ExcursionDuplicateMirror
spInt_ExcursionMirror,spGuide_PRecalculate
spGuide_SeeingPathPOptionalUpdate,spGuide_SeeingPathRecalculate
spInt_PExcursionCreate,spInt_ExcursionLink
spInt_PExcursionCreate,spInt_ExcursionMirror
spGuide_SeeingPathRecalculate,spGuide_SeeingPathRecalculate
spSystem_ProcessColImportJobsInBulk,spMs_SingleusrSendFromSystem
spInt_PExcursionDelete,spGuide_PRecalculate
spRepl_Run_SeeingPaths,sp_GDescendantTeamusrsForTeamLeader
spGuide_SeeingPathTeamDeleteArray,spAssignment_TeamRemoveSeeingPath
spSystem_ProcessListingTeamImportJobsInBulk,spMs_SingleusrSendFromSystem
spEvent_SendReminder,sp_GCustomCtrEmailEventInsReminderMs
spEvent_SendReminder,sp_GCustomCtrEmailEventReminderMs
spEvent_SendReminder,sp_GCustomCtrEmailSessionSubject
spEvent_SendReminder,sp_GCustomCtrTextEventReminderMs
spInt_pppusrIDUpsert,spInt_pppusrIDValidateExists
spRepl_Run_Excursion,sp_GDescendantTeamusrsForLeader
spRepl_Run_Excursion,sp_GDescendantTeamusrsForTeamLeader
spGuide_usrAllTourGet,spCol_GetContentAccessTillDate
spGuide_SeeingPathUpdateSalesforce,logErrb
spSystem_ProcessListingusrImportJobsInBulk,spMs_SingleusrSendFromSystem
spInt_TeamDelete,spSystem_QInsert
spGuide_SeeingPathusrDeleteArray,spAssignment_usrRemoveSeeingPath
spInt_TeamGet,sp_GTeamAccessRole
spInt_TeamGet,spUsage_TeamAccessUpdate
spGuide_MakeExcursionOptional,spGuide_PRecalculate
spInt_GuideSeeingPathDelete,spSystem_QInsert
spGuide_MarkExpiredTourAsInactive,spSystem_QInsert
spGuide_MarkExpiredTourAsInactive,spGuide_PHistoryCreate
spInt_usrCreate,spInt_pppusrIDUpsert
spGuide_ExcursionCreate,spGuide_PRecalculate
spInt_usrDelete,spSystem_QInsert
spRepl_Run_Survey,sp_GDescendantTeamusrsForLeader
spGuide_PPermissionCheck,spGuide_ColListTAView
spGuide_ExcursionFileBoxViewUpdate,spGuide_UpdatePExcursionCheckSumByExcursionId
spGuide_ExcursionFileBoxViewUpdate,logErrb
spInt_usrUpdate,spInt_pppusrIDUpsert
spRepl_Run_Team,sp_GusrCompletedTourUpToDate
spGuide_ExcursionLink,spGuide_ExcursionDuplicate
spGuide_ExcursionLink,spGuide_PRecalculate
spAPT_GuideExcursionDelete,spSystem_QInsert
spGuide_ExcursionListPList,spGuide_PListGetAll
spResource_ResourceGet,spUsage_usrResourceCreate
spGuide_usrCompletedTourGet,spCol_GetContentAccessTillDate
sp_usrForTeamListInactive,sp_GDescendantTeamusrsForLeader
